<?xml version="1.0" encoding="UTF-8"?>
<project-private xmlns="http://www.netbeans.org/ns/project-private/1">
    <editor-bookmarks xmlns="http://www.netbeans.org/ns/editor-bookmarks/2" lastBookmarkId="0"/>
    <open-files xmlns="http://www.netbeans.org/ns/projectui-open-files/2">
        <group>
            <file>file:/C:/Users/ran23/OneDrive/Documents/NetBeansProjects/PatronStrategyPagos/src/Strat/ClientePaga.java</file>
            <file>file:/C:/Users/ran23/OneDrive/Documents/NetBeansProjects/PatronStrategyPagos/src/Strat/IniciaEstrategias.java</file>
            <file>file:/C:/Users/ran23/OneDrive/Documents/NetBeansProjects/PatronStrategyPagos/src/Strat/EstrategiaPago.java</file>
            <file>file:/C:/Users/ran23/OneDrive/Documents/NetBeansProjects/PatronStrategyPagos/src/Strat/PagoPaypal.java</file>
            <file>file:/C:/Users/ran23/OneDrive/Documents/NetBeansProjects/PatronStrategyPagos/src/Strat/PagoTarjeta.java</file>
            <file>file:/C:/Users/ran23/OneDrive/Documents/NetBeansProjects/PatronStrategyPagos/src/Strat/PagoEfectivo.java</file>
        </group>
    </open-files>
</project-private>
