<?xml version="1.0" encoding="UTF-8"?>
<project-private xmlns="http://www.netbeans.org/ns/project-private/1">
    <editor-bookmarks xmlns="http://www.netbeans.org/ns/editor-bookmarks/2" lastBookmarkId="0"/>
    <open-files xmlns="http://www.netbeans.org/ns/projectui-open-files/2">
        <group>
            <file>file:/C:/Users/Usuario/OneDrive%20-%20UNIVERSIDAD%20TÉCNICA%20DE%20AMBATO/Documentos/UTA/5to%20Semestre/Patrones%20de%20Diseño/2do%20Parcial/Patrón_Template_Method/src/ec/edu/chris/templateMethod/Twitter.java</file>
            <file>file:/C:/Users/Usuario/OneDrive%20-%20UNIVERSIDAD%20TÉCNICA%20DE%20AMBATO/Documentos/UTA/5to%20Semestre/Patrones%20de%20Diseño/2do%20Parcial/Patrón_Template_Method/src/ec/edu/chris/templateMethod/Main.java</file>
            <file>file:/C:/Users/Usuario/OneDrive%20-%20UNIVERSIDAD%20TÉCNICA%20DE%20AMBATO/Documentos/UTA/5to%20Semestre/Patrones%20de%20Diseño/2do%20Parcial/Patrón_Template_Method/src/ec/edu/chris/templateMethod/Facebook.java</file>
            <file>file:/C:/Users/Usuario/OneDrive%20-%20UNIVERSIDAD%20TÉCNICA%20DE%20AMBATO/Documentos/UTA/5to%20Semestre/Patrones%20de%20Diseño/2do%20Parcial/Patrón_Template_Method/src/ec/edu/chris/templateMethod/Network.java</file>
        </group>
    </open-files>
</project-private>
